Current residence in,Population 1 year and over,,Same house 1 year ago,,Same state of residence 1 year ago,,Different state of residence 1 year ago,,,,Different state of residence 1 year ago (continued),,,,,,,,,,Different state of residence 1 year ago (continued),,,,,,,,,,Current residence in,Different state of residence 1 year ago (continued),,,,,,,,,,Current residence in,Different state of residence 1 year ago (continued),,,,,,,,,,Different state of residence 1 year ago (continued),,,,,,,,,,Different state of residence 1 year ago (continued),,,,,,,,,,Different state of residence 1 year ago (continued),,,,,,,,,,Different state of residence 1 year ago (continued),,,,,,,,,,Different state of residence 1 year ago (continued),,,,,,,,,,Different state of residence 1 year ago (continued),,,,,,,,,,Abroad 1 year ago,,,,,,,
,,,,,,,Total,,Alabama,,Alaska,,Arizona,,Arkansas,,California,,Colorado,,Connecticut,,Delaware,,District of Columbia ,,Florida,,Georgia,,,Hawaii,,Idaho,,Illinois,,Indiana,,Iowa,,,Kansas,,Kentucky,,Louisiana,,Maine,,Maryland,,Massachusetts,,Michigan,,Minnesota,,Mississippi,,Missouri,,Montana,,Nebraska,,Nevada,,New Hampshire,,New Jersey,,New Mexico,,New York,,North Carolina,,North Dakota,,Ohio,,Oklahoma,,Oregon,,Pennsylvania,,Rhode Island,,South Carolina,,South Dakota,,Tennessee,,Texas,,Utah,,Vermont,,Virginia,,Washington,,West Virginia,,Wisconsin,,Wyoming,,Total,,Puerto Rico,,U.S. Island Area,,Foreign Country,
,Estimate,MOE,Estimate,MOE,Estimate,MOE,Estimate,MOE,Estimate,MOE,Estimate,MOE,Estimate,MOE,Estimate,MOE,Estimate,MOE,Estimate,MOE,Estimate,MOE,Estimate,MOE,Estimate,MOE,Estimate,MOE,Estimate,MOE,,Estimate,MOE,Estimate,MOE,Estimate,MOE,Estimate,MOE,Estimate,MOE,,Estimate,MOE,Estimate,MOE,Estimate,MOE,Estimate,MOE,Estimate,MOE,Estimate,MOE,Estimate,MOE,Estimate,MOE,Estimate,MOE,Estimate,MOE,Estimate,MOE,Estimate,MOE,Estimate,MOE,Estimate,MOE,Estimate,MOE,Estimate,MOE,Estimate,MOE,Estimate,MOE,Estimate,MOE,Estimate,MOE,Estimate,MOE,Estimate,MOE,Estimate,MOE,Estimate,MOE,Estimate,MOE,Estimate,MOE,Estimate,MOE,Estimate,MOE,Estimate,MOE,Estimate,MOE,Estimate,MOE,Estimate,MOE,Estimate,MOE,Estimate,MOE,Estimate,MOE,Estimate,MOE,Estimate,MOE,Estimate,MOE,Estimate,MOE
Alabama,"4,989,797","+/- 4,341","4,392,571","+/- 25,089","468,964","+/- 23,356","115,641","+/- 10,300",N/A,N/A,12,+/- 29,"1,338","+/- 1,009","1,271",+/- 943,"3,369","+/- 1,420","2,070","+/- 1,081",532,+/- 464,43,+/- 64,275,+/- 220,"22,507","+/- 4,614","15,873","+/- 3,792",Alabama,"1,349","+/- 1,262",406,+/- 510,"3,399","+/- 1,509","3,146","+/- 2,738",444,+/- 417,Alabama,606,+/- 579,"1,950",+/- 825,"3,594","+/- 1,977",225,+/- 296,468,+/- 481,915,+/- 803,"3,065","+/- 1,630",499,+/- 409,"4,186","+/- 1,636","2,380","+/- 1,320",0,+/- 216,64,+/- 150,"1,150",+/- 681,0,+/- 216,"1,965","+/- 1,206","1,061","+/- 1,524","2,085",+/- 866,"2,613","+/- 1,078",254,+/- 317,"1,702",+/- 716,851,+/- 573,416,+/- 496,"1,928","+/- 1,171",156,+/- 230,424,+/- 446,0,+/- 216,"7,418","+/- 1,787","10,616","+/- 3,786",436,+/- 437,21,+/- 35,"5,382","+/- 3,161","1,385","+/- 1,010",315,+/- 412,"1,477","+/- 1,139",0,+/- 216,"12,621","+/- 2,388",534,+/- 436,29,+/- 47,"12,058","+/- 2,400"
Alaska,"723,949","+/- 1,517","625,088","+/- 8,315","63,611","+/- 6,501","31,378","+/- 3,888",517,+/- 279,N/A,N/A,977,+/- 474,0,+/- 184,"3,808","+/- 1,838",922,+/- 630,0,+/- 184,339,+/- 565,0,+/- 184,"2,163","+/- 1,127","1,551",+/- 958,Alaska,"1,316","+/- 1,008",503,+/- 353,417,+/- 289,218,+/- 334,0,+/- 184,Alaska,452,+/- 441,"1,250","+/- 1,100",0,+/- 184,0,+/- 184,772,+/- 619,722,+/- 768,"1,024",+/- 771,179,+/- 264,0,+/- 184,0,+/- 184,867,+/- 851,9,+/- 20,535,+/- 526,276,+/- 409,15,+/- 29,"1,871","+/- 1,286",70,+/- 86,"1,396",+/- 706,0,+/- 184,12,+/- 22,929,+/- 983,337,+/- 245,345,+/- 395,0,+/- 184,141,+/- 199,221,+/- 369,449,+/- 382,"3,563","+/- 1,381",210,+/- 257,0,+/- 184,963,+/- 696,"1,840",+/- 774,0,+/- 184,110,+/- 101,89,+/- 114,"3,872","+/- 1,532",205,+/- 202,0,+/- 184,"3,667","+/- 1,527"
Arizona,"7,202,745","+/- 5,156","6,144,045","+/- 29,885","759,450","+/- 24,263","264,948","+/- 14,419","1,485","+/- 1,315","3,586","+/- 1,470",N/A,N/A,178,+/- 157,"69,432","+/- 6,220","10,035","+/- 2,010","2,705","+/- 1,100","1,554","+/- 1,861",498,+/- 351,"6,748","+/- 2,451","3,474","+/- 1,204",Arizona,"3,249","+/- 1,880","6,510","+/- 2,439","13,018","+/- 3,300","6,093","+/- 3,052","2,399",+/- 969,Arizona,"1,597",+/- 989,987,+/- 744,691,+/- 428,50,+/- 95,"1,463",+/- 752,"1,806",+/- 762,"3,642","+/- 1,301","10,891","+/- 2,745","1,890","+/- 1,080","2,730","+/- 1,038","4,728","+/- 2,604","2,288","+/- 1,370","5,437","+/- 1,604",75,+/- 124,"2,947","+/- 1,200","3,818","+/- 1,312","6,674","+/- 2,096","2,856","+/- 1,095","3,821","+/- 2,828","4,089","+/- 1,570",741,+/- 432,"7,318","+/- 1,854","4,989","+/- 2,060",242,+/- 290,"2,482","+/- 1,515","1,638",+/- 794,"2,145",+/- 742,"13,312","+/- 3,645","8,495","+/- 2,951",0,+/- 224,"1,835",+/- 955,"21,816","+/- 4,710",123,+/- 149,"4,788","+/- 1,745","1,580","+/- 1,242","34,302","+/- 5,615",857,+/- 764,57,+/- 96,"33,388","+/- 5,544"
Arkansas,"2,990,311","+/- 2,937","2,595,527","+/- 18,138","312,848","+/- 15,129","76,108","+/- 8,024",950,+/- 607,145,+/- 183,940,+/- 498,N/A,N/A,"5,600","+/- 1,762","4,353","+/- 1,940",31,+/- 58,68,+/- 126,181,+/- 327,"1,655",+/- 926,708,+/- 811,Arkansas,250,+/- 294,0,+/- 213,"2,548","+/- 1,225","2,041","+/- 2,249","1,033","+/- 1,156",Arkansas,"1,548",+/- 968,797,+/- 626,"2,557",+/- 963,144,+/- 291,130,+/- 120,490,+/- 456,"3,475","+/- 1,560","1,298",+/- 949,"1,535","+/- 1,046","6,754","+/- 2,436",0,+/- 213,43,+/- 77,500,+/- 548,609,+/- 738,0,+/- 213,570,+/- 476,"1,352","+/- 1,179",724,+/- 495,0,+/- 213,"1,364",+/- 698,"4,828","+/- 2,088",143,+/- 143,"1,188","+/- 1,357",185,+/- 315,387,+/- 459,134,+/- 223,"4,115","+/- 1,839","16,374","+/- 3,042",21,+/- 36,0,+/- 213,"1,030",+/- 821,"1,876","+/- 1,447",75,+/- 137,716,+/- 558,643,+/- 783,"5,828","+/- 1,634",0,+/- 213,0,+/- 213,"5,828","+/- 1,634"
California,"38,833,197","+/- 12,214","34,461,724","+/- 53,862","3,749,371","+/- 49,440","433,402","+/- 16,802","2,710","+/- 1,120","3,049","+/- 1,347","27,449","+/- 4,228","2,576","+/- 1,256",N/A,N/A,"20,353","+/- 3,410","5,189","+/- 1,872","1,012",+/- 638,"4,009","+/- 1,675","24,692","+/- 5,050","9,111","+/- 2,718",California,"7,544","+/- 2,047","2,799",+/- 910,"22,546","+/- 3,546","3,889","+/- 1,197","3,435","+/- 1,706",California,"3,582","+/- 1,507","2,010",+/- 936,"3,174","+/- 1,159",248,+/- 282,"5,860","+/- 1,628","15,274","+/- 2,728","9,419","+/- 2,437","6,053","+/- 1,919","1,821",+/- 877,"5,200","+/- 1,807","2,049",+/- 894,"2,596","+/- 1,643","14,826","+/- 2,729","1,034",+/- 580,"9,063","+/- 2,287","3,316","+/- 1,587","32,723","+/- 4,186","9,845","+/- 3,177","1,143",+/- 668,"9,529","+/- 2,621","4,505","+/- 2,079","20,219","+/- 3,165","12,156","+/- 2,811","1,446",+/- 718,"4,148","+/- 1,473","2,092","+/- 1,415","3,405","+/- 1,482","33,577","+/- 5,005","6,111","+/- 1,645",778,+/- 729,"16,881","+/- 4,703","40,456","+/- 5,203",707,+/- 611,"6,455","+/- 2,190","1,338",+/- 704,"188,700","+/- 12,292",968,+/- 597,"1,921",+/- 860,"185,811","+/- 12,087"
Colorado,"5,757,628","+/- 4,091","4,794,481","+/- 26,077","686,892","+/- 20,293","250,031","+/- 17,084","2,192","+/- 1,212","3,692","+/- 2,953","11,880","+/- 3,478",171,+/- 220,"33,648","+/- 5,763",N/A,N/A,"1,773",+/- 852,643,+/- 760,"2,406","+/- 1,344","18,661","+/- 4,632","6,419","+/- 2,998",Colorado,"2,679","+/- 1,440","1,128",+/- 667,"10,241","+/- 2,022","1,793",+/- 912,"1,136",+/- 636,Colorado,"3,862","+/- 1,487","1,940","+/- 1,101","4,088","+/- 1,851",310,+/- 507,"2,261","+/- 1,092","6,546","+/- 1,760","3,947","+/- 1,404","4,569","+/- 1,637","1,191","+/- 1,068","6,225","+/- 1,992",741,+/- 323,"2,350","+/- 1,016","3,440","+/- 1,235",480,+/- 345,"2,895","+/- 1,378","5,966","+/- 2,278","12,611","+/- 3,147","7,440","+/- 2,667",540,+/- 470,"5,514","+/- 2,123","3,624","+/- 1,550","5,642","+/- 1,697","3,669","+/- 1,915",16,+/- 33,"1,848","+/- 1,453","1,509",+/- 897,"3,235","+/- 1,290","29,754","+/- 4,431","5,767","+/- 1,703",0,+/- 211,"6,432","+/- 2,393","6,608","+/- 2,355",105,+/- 164,"3,031","+/- 1,183","3,413","+/- 1,986","26,224","+/- 4,163",491,+/- 430,291,+/- 297,"25,442","+/- 4,129"
Connecticut,"3,571,470","+/- 3,191","3,168,509","+/- 15,301","279,328","+/- 13,726","106,618","+/- 8,523",0,+/- 217,0,+/- 217,661,+/- 562,38,+/- 64,"6,645","+/- 2,514","1,181",+/- 672,N/A,N/A,488,+/- 423,393,+/- 293,"6,534","+/- 2,454","1,255",+/- 820,Connecticut,37,+/- 63,353,+/- 285,789,+/- 666,888,+/- 657,490,+/- 683,Connecticut,169,+/- 181,282,+/- 238,825,+/- 803,134,+/- 137,"1,419",+/- 707,"14,556","+/- 2,675",254,+/- 324,"1,361","+/- 1,546",0,+/- 217,318,+/- 356,0,+/- 217,66,+/- 113,246,+/- 413,"1,947",+/- 866,"6,352","+/- 1,918",237,+/- 319,"40,790","+/- 5,020","2,366","+/- 1,144",0,+/- 217,"1,181",+/- 813,47,+/- 79,96,+/- 124,"3,119","+/- 1,479","3,421","+/- 1,312","1,771","+/- 1,199",216,+/- 307,556,+/- 314,"2,073","+/- 1,201",451,+/- 454,393,+/- 256,"1,536","+/- 1,007",665,+/- 457,19,+/- 44,0,+/- 217,0,+/- 217,"17,015","+/- 3,252","1,664","+/- 1,063",165,+/- 192,"15,186","+/- 3,170"
Delaware,"994,669","+/- 1,764","889,174","+/- 6,362","58,180","+/- 5,692","42,551","+/- 4,342",0,+/- 210,0,+/- 210,708,+/- 560,0,+/- 210,116,+/- 186,239,+/- 215,786,+/- 600,N/A,N/A,604,+/- 366,"1,650",+/- 763,130,+/- 236,Delaware,70,+/- 119,0,+/- 210,212,+/- 275,201,+/- 214,0,+/- 210,Delaware,0,+/- 210,142,+/- 156,15,+/- 36,0,+/- 210,"7,767","+/- 1,780","1,037",+/- 604,451,+/- 587,90,+/- 147,6,+/- 16,424,+/- 391,0,+/- 210,6,+/- 14,96,+/- 160,29,+/- 48,"4,008","+/- 1,033",86,+/- 146,"5,958","+/- 2,104",341,+/- 282,0,+/- 210,148,+/- 247,21,+/- 31,0,+/- 210,"12,349","+/- 2,812",6,+/- 15,572,+/- 680,0,+/- 210,98,+/- 135,"1,300","+/- 1,322",0,+/- 210,0,+/- 210,"2,588","+/- 1,057",258,+/- 398,0,+/- 210,39,+/- 66,0,+/- 210,"4,764","+/- 1,768",319,+/- 372,0,+/- 210,"4,445","+/- 1,723"
District of Columbia ,"661,026","+/- 1,835","527,167","+/- 8,611","68,606","+/- 7,109","57,746","+/- 5,874",342,+/- 369,196,+/- 179,674,+/- 632,37,+/- 75,"3,945","+/- 1,308",261,+/- 258,"1,102",+/- 562,"3,560","+/- 1,052",N/A,N/A,"2,581","+/- 1,114","1,662",+/- 836,District of Columbia ,0,+/- 236,93,+/- 116,"1,736",+/- 928,159,+/- 263,145,+/- 167,District of Columbia ,503,+/- 668,202,+/- 205,324,+/- 341,"1,028",+/- 573,"7,754","+/- 1,798","2,389",+/- 870,607,+/- 418,726,+/- 504,29,+/- 67,87,+/- 108,65,+/- 78,0,+/- 236,431,+/- 412,266,+/- 329,"2,709","+/- 1,162",0,+/- 236,"3,658","+/- 1,245","1,330",+/- 807,0,+/- 236,"1,610","+/- 1,744",374,+/- 397,426,+/- 250,"2,237","+/- 1,095",366,+/- 348,196,+/- 272,0,+/- 236,663,+/- 363,"1,498","+/- 1,002",24,+/- 37,0,+/- 236,"9,003","+/- 2,140","1,817",+/- 849,568,+/- 437,307,+/- 304,56,+/- 93,"7,507","+/- 1,477",568,+/- 434,0,+/- 236,"6,939","+/- 1,433"
Florida,"21,590,684","+/- 8,058","18,571,567","+/- 47,265","2,206,566","+/- 41,666","674,740","+/- 25,002","15,159","+/- 4,087","2,938","+/- 2,747","6,607","+/- 1,882","4,804","+/- 2,217","37,464","+/- 6,348","18,468","+/- 3,586","15,801","+/- 4,348","4,732","+/- 2,390","1,917",+/- 742,N/A,N/A,"44,723","+/- 6,817",Florida,"4,179","+/- 2,124","1,309",+/- 844,"34,061","+/- 5,826","17,980","+/- 3,702","3,735","+/- 2,015",Florida,"3,099","+/- 1,301","8,385","+/- 1,964","5,914","+/- 2,059","1,483",+/- 699,"16,166","+/- 4,674","20,586","+/- 3,567","24,506","+/- 6,043","10,156","+/- 2,660","4,522","+/- 2,255","11,010","+/- 2,828","1,041","+/- 1,069","2,009","+/- 1,229","9,332","+/- 3,340","3,079","+/- 1,758","36,417","+/- 5,986","2,765","+/- 1,448","91,758","+/- 11,589","21,207","+/- 3,820","3,610","+/- 2,618","22,443","+/- 3,732","3,768","+/- 1,549","5,937","+/- 1,974","29,817","+/- 5,272","2,784","+/- 1,120","8,393","+/- 2,590","1,282","+/- 1,000","18,772","+/- 4,728","28,243","+/- 5,020","7,284","+/- 2,918","1,499",+/- 892,"29,153","+/- 4,865","9,611","+/- 3,273","3,165","+/- 1,716","9,909","+/- 2,686","1,758",+/- 958,"137,811","+/- 11,410","13,795","+/- 4,714","2,274","+/- 1,557","121,742","+/- 9,765"
Georgia,"10,688,429","+/- 6,334","9,243,299","+/- 38,980","1,107,180","+/- 34,938","302,512","+/- 17,711","22,228","+/- 8,440","2,178","+/- 2,222","3,194","+/- 1,576","1,236",+/- 830,"28,908","+/- 5,194","5,259","+/- 2,307",513,+/- 417,779,+/- 593,920,+/- 612,"49,163","+/- 7,541",N/A,N/A,Georgia,"2,321","+/- 1,381",208,+/- 341,"5,472","+/- 2,116","3,897","+/- 1,518","1,619","+/- 1,482",Georgia,"2,588","+/- 1,449","7,048","+/- 4,728","7,437","+/- 5,144",721,+/- 389,"5,135","+/- 2,135","3,151","+/- 1,364","4,923","+/- 1,903","2,038","+/- 1,453","4,992","+/- 1,911","2,867","+/- 2,435",394,+/- 580,144,+/- 240,"3,464","+/- 3,734","1,677","+/- 1,160","10,793","+/- 3,114","1,262",+/- 952,"14,038","+/- 3,864","14,739","+/- 3,592",85,+/- 142,"7,583","+/- 2,499","1,672",+/- 896,"3,351","+/- 1,461","5,915","+/- 2,278",129,+/- 164,"14,448","+/- 3,648",0,+/- 247,"14,689","+/- 3,471","21,413","+/- 5,836",656,+/- 465,192,+/- 209,"10,553","+/- 3,019","3,852","+/- 1,775","1,068","+/- 1,054","1,580",+/- 831,20,+/- 34,"35,438","+/- 5,067","1,805",+/- 708,742,+/- 579,"32,891","+/- 4,832"
Hawaii,"1,426,298","+/- 2,455","1,230,761","+/- 11,560","110,790","+/- 9,317","71,626","+/- 8,474","2,192","+/- 1,435",618,+/- 503,"1,517",+/- 858,0,+/- 200,"16,116","+/- 2,962","2,544","+/- 1,257",434,+/- 333,0,+/- 200,433,+/- 512,"2,527","+/- 1,106","3,835","+/- 1,585",Hawaii,N/A,N/A,"1,638","+/- 1,439",496,+/- 375,"1,251",+/- 783,0,+/- 200,Hawaii,462,+/- 412,0,+/- 200,616,+/- 614,144,+/- 220,"1,710","+/- 1,103",868,+/- 653,891,+/- 932,695,+/- 448,"1,048",+/- 940,605,+/- 436,681,"+/- 1,046",44,+/- 73,"1,057",+/- 735,130,+/- 190,"2,046","+/- 2,480",134,+/- 166,"2,696","+/- 1,457",541,+/- 445,11,+/- 27,268,+/- 292,151,+/- 225,"1,396",+/- 697,904,+/- 585,0,+/- 200,632,+/- 420,8,+/- 19,415,+/- 311,"6,849","+/- 2,319",118,+/- 171,0,+/- 200,"5,691","+/- 3,412","6,655","+/- 2,114",138,+/- 232,421,+/- 518,0,+/- 200,"13,121","+/- 3,194",0,+/- 200,"1,626","+/- 1,486","11,495","+/- 2,781"
Idaho,"1,879,719","+/- 2,400","1,601,568","+/- 15,804","176,458","+/- 11,576","96,388","+/- 9,806",350,+/- 358,"4,427","+/- 4,446","3,020","+/- 1,165",0,+/- 214,"27,193","+/- 6,571","6,211","+/- 3,839",305,+/- 457,0,+/- 214,0,+/- 214,"1,322",+/- 842,421,+/- 564,Idaho,827,+/- 918,N/A,N/A,374,+/- 391,0,+/- 214,428,+/- 532,Idaho,611,+/- 660,51,+/- 84,81,+/- 72,"1,610","+/- 2,440",467,+/- 442,0,+/- 214,548,+/- 463,706,+/- 466,20,+/- 34,642,+/- 424,"1,051",+/- 586,960,"+/- 1,141","1,432","+/- 1,280",551,+/- 644,10,+/- 23,857,+/- 576,90,+/- 140,371,+/- 292,782,"+/- 1,038",958,+/- 758,184,+/- 229,"5,707","+/- 2,103","1,436","+/- 1,207",0,+/- 214,285,+/- 385,417,+/- 422,"1,206",+/- 916,"3,089","+/- 1,925","4,470","+/- 1,296",0,+/- 214,539,+/- 395,"20,131","+/- 4,058",311,+/- 343,421,+/- 499,"1,516","+/- 1,117","5,305","+/- 1,504",115,+/- 183,140,+/- 185,"5,050","+/- 1,478"
Illinois,"12,544,435","+/- 5,532","11,095,785","+/- 30,825","1,200,753","+/- 28,559","195,177","+/- 9,929",614,+/- 398,618,+/- 654,"4,126","+/- 1,523",824,+/- 609,"20,488","+/- 3,123","6,060","+/- 2,129","1,778",+/- 906,66,+/- 65,"1,282",+/- 916,"10,647","+/- 3,095","4,791","+/- 1,658",Illinois,576,+/- 451,156,+/- 162,N/A,N/A,"18,681","+/- 4,652","9,580","+/- 2,064",Illinois,"1,184",+/- 618,"1,886",+/- 791,"1,790","+/- 1,058",345,+/- 348,"3,682","+/- 1,173","2,650",+/- 831,"9,866","+/- 1,854","2,712","+/- 1,005","2,520","+/- 1,309","13,596","+/- 2,423",431,+/- 328,499,+/- 402,"2,242","+/- 1,305",425,+/- 371,"3,016","+/- 1,109",160,+/- 202,"8,092","+/- 2,277","3,739","+/- 1,553",140,+/- 174,"4,772","+/- 1,337","1,148",+/- 851,"1,113",+/- 537,"3,838","+/- 1,267","1,268","+/- 1,580","1,432",+/- 799,560,+/- 441,"2,849","+/- 1,177","15,480","+/- 2,821","1,032","+/- 1,085",51,+/- 82,"3,858","+/- 1,239","4,163","+/- 1,873",582,+/- 769,"13,130","+/- 2,301",639,+/- 863,"52,720","+/- 6,604",879,+/- 724,233,+/- 380,"51,608","+/- 6,671"
Indiana,"6,729,771","+/- 4,323","5,835,956","+/- 27,793","714,384","+/- 23,581","156,417","+/- 11,930","1,906","+/- 1,155",145,+/- 170,"1,433",+/- 742,419,+/- 335,"5,705","+/- 1,553","1,723",+/- 688,721,+/- 405,66,+/- 75,171,+/- 208,"10,336","+/- 2,779","2,782","+/- 1,137",Indiana,622,+/- 553,328,+/- 244,"37,764","+/- 5,046",N/A,N/A,271,+/- 208,Indiana,"1,078",+/- 684,"13,369","+/- 4,279",258,+/- 228,55,+/- 86,"4,028","+/- 3,894","2,949","+/- 1,460","10,586","+/- 2,476","2,362","+/- 1,142",621,+/- 485,"3,180","+/- 1,243",184,+/- 297,738,+/- 405,"1,326",+/- 945,102,+/- 180,880,+/- 396,913,+/- 631,"4,290","+/- 1,549","2,832","+/- 2,025",153,+/- 169,"12,606","+/- 2,522",790,+/- 816,"3,271","+/- 2,356","3,388","+/- 1,563",175,+/- 198,"1,276","+/- 1,055",54,+/- 78,"2,684","+/- 1,315","6,591","+/- 2,545",335,+/- 348,319,+/- 535,"3,575","+/- 1,356","1,770",+/- 869,134,+/- 217,"4,411","+/- 2,262",742,+/- 865,"23,014","+/- 4,886","1,372","+/- 1,768",0,+/- 208,"21,642","+/- 4,590"
Iowa,"3,159,672","+/- 2,419","2,725,417","+/- 14,379","347,372","+/- 13,477","77,245","+/- 6,177",478,+/- 497,101,+/- 186,"1,440",+/- 681,358,+/- 243,"5,558","+/- 1,797","4,328","+/- 1,462",14,+/- 25,0,+/- 170,0,+/- 170,"4,548","+/- 1,615","1,306",+/- 911,Iowa,351,+/- 312,592,+/- 487,"11,475","+/- 2,168","1,149",+/- 689,N/A,N/A,Iowa,"1,188",+/- 894,228,+/- 215,471,+/- 614,0,+/- 170,199,+/- 165,10,+/- 17,293,+/- 253,"7,893","+/- 1,553",246,+/- 247,"3,912","+/- 1,168",293,+/- 195,"8,237","+/- 2,387","1,546","+/- 1,004",123,+/- 184,524,+/- 394,121,+/- 128,909,+/- 569,"1,039",+/- 761,412,+/- 344,"1,121",+/- 598,639,+/- 552,"3,244","+/- 4,438",148,+/- 157,0,+/- 170,426,+/- 514,"1,909",+/- 879,939,+/- 886,"3,903","+/- 1,267",794,+/- 627,0,+/- 170,731,+/- 440,868,+/- 429,77,+/- 92,"3,098","+/- 1,460",6,+/- 10,"9,638","+/- 2,625",615,+/- 876,345,+/- 275,"8,678","+/- 2,296"
Kansas,"2,900,594","+/- 2,687","2,461,533","+/- 17,436","323,036","+/- 14,539","102,319","+/- 9,863",967,"+/- 1,064",56,+/- 102,"1,980",+/- 800,606,+/- 351,"5,779","+/- 1,788","7,949","+/- 2,284",294,+/- 343,0,+/- 187,0,+/- 187,"2,926","+/- 1,215","5,167","+/- 1,966",Kansas,64,+/- 101,345,+/- 301,"3,429","+/- 1,686","1,381",+/- 911,"1,637",+/- 975,Kansas,N/A,N/A,"1,242",+/- 894,"1,850","+/- 1,402",0,+/- 187,402,+/- 417,125,+/- 155,"1,532","+/- 1,119","1,962","+/- 1,146",980,+/- 689,"24,292","+/- 3,509",256,+/- 252,"3,485","+/- 1,424",360,+/- 293,0,+/- 187,0,+/- 187,"2,005","+/- 2,018","3,064","+/- 1,350","2,283","+/- 1,398",337,+/- 236,489,+/- 323,"3,251",+/- 990,906,+/- 529,"2,010","+/- 1,702",0,+/- 187,878,+/- 543,339,+/- 332,"3,275","+/- 2,039","6,016","+/- 1,637",713,+/- 924,0,+/- 187,"2,991","+/- 2,817","2,625","+/- 2,122",10,+/- 18,"1,852","+/- 1,158",209,+/- 342,"13,706","+/- 2,890",190,+/- 381,63,+/- 107,"13,453","+/- 2,864"
Kentucky,"4,460,646","+/- 2,878","3,878,219","+/- 19,555","463,451","+/- 18,318","107,693","+/- 6,224","2,407","+/- 1,230",214,+/- 248,924,+/- 580,442,+/- 469,"2,599",+/- 946,"3,223","+/- 1,684",511,+/- 393,66,+/- 86,391,+/- 521,"8,392","+/- 2,547","3,449","+/- 1,519",Kentucky,807,+/- 892,186,+/- 217,"4,912","+/- 1,381","11,437","+/- 2,627",756,+/- 482,Kentucky,"1,043",+/- 679,N/A,N/A,853,+/- 654,0,+/- 208,"1,499",+/- 928,301,+/- 385,"2,666","+/- 1,233",680,+/- 656,308,+/- 289,"2,097",+/- 927,443,+/- 590,582,+/- 427,164,+/- 259,56,+/- 111,864,+/- 795,"1,028","+/- 1,015","3,115","+/- 1,568","5,779","+/- 2,581",0,+/- 208,"11,730","+/- 2,170","1,054",+/- 902,275,+/- 244,"1,254","+/- 1,013",248,+/- 351,777,+/- 520,366,+/- 596,"10,552","+/- 2,079","6,892","+/- 2,027",460,+/- 352,289,+/- 368,"2,953","+/- 1,474","4,721","+/- 1,876","2,619","+/- 1,404","1,253",+/- 896,56,+/- 99,"11,283","+/- 2,868",31,+/- 52,509,+/- 655,"10,743","+/- 2,742"
Louisiana,"4,571,302","+/- 4,582","3,987,402","+/- 19,669","483,769","+/- 18,398","81,944","+/- 8,435","3,717","+/- 1,702","1,249","+/- 1,709","1,691","+/- 1,785","3,313","+/- 1,969","3,430","+/- 1,292","1,844","+/- 1,231","1,107","+/- 1,452",0,+/- 230,325,+/- 312,"6,004","+/- 3,470","1,987",+/- 991,Louisiana,710,+/- 815,392,+/- 377,"2,052","+/- 1,550",282,+/- 301,730,+/- 453,Louisiana,"2,268","+/- 1,533",928,+/- 744,N/A,N/A,67,+/- 65,"1,385",+/- 757,341,+/- 258,"1,423","+/- 1,314",815,+/- 718,"7,301","+/- 3,009",801,+/- 612,0,+/- 230,"2,378","+/- 3,524",131,+/- 215,536,+/- 598,"1,357","+/- 1,125",0,+/- 230,"1,357",+/- 731,834,+/- 727,77,+/- 137,738,+/- 441,738,+/- 459,421,+/- 299,122,+/- 143,"1,379","+/- 1,664",617,+/- 369,64,+/- 103,"2,053","+/- 1,475","21,290","+/- 4,219",305,+/- 231,243,+/- 343,995,+/- 562,"1,485","+/- 1,032",84,+/- 146,295,+/- 467,283,+/- 465,"18,187","+/- 3,480",191,+/- 213,264,+/- 216,"17,732","+/- 3,475"
Maine,"1,360,264","+/- 1,424","1,203,199","+/- 8,547","111,418","+/- 7,447","43,492","+/- 4,855",20,+/- 34,127,+/- 147,121,+/- 127,90,+/- 140,"3,349","+/- 1,527","1,229",+/- 880,"2,739","+/- 1,167",35,+/- 56,103,+/- 156,"4,322","+/- 1,381","1,180",+/- 856,Maine,245,+/- 240,0,+/- 182,485,+/- 333,144,+/- 149,376,+/- 383,Maine,0,+/- 182,623,+/- 765,83,+/- 137,N/A,N/A,"1,574","+/- 1,354","6,753","+/- 1,725",519,+/- 716,298,+/- 316,0,+/- 182,277,+/- 379,14,+/- 24,24,+/- 21,46,+/- 62,"5,696","+/- 1,665","1,010",+/- 911,71,+/- 121,"3,326","+/- 1,272",971,+/- 580,0,+/- 182,365,+/- 497,208,+/- 348,296,+/- 215,452,+/- 336,"1,270",+/- 643,246,+/- 305,294,+/- 324,467,+/- 242,876,+/- 589,0,+/- 182,739,+/- 383,989,+/- 885,522,+/- 399,197,+/- 222,384,+/- 594,337,+/- 415,"2,155",+/- 853,0,+/- 182,0,+/- 182,"2,155",+/- 853
Maryland,"6,099,715","+/- 4,217","5,387,234","+/- 27,596","519,574","+/- 25,291","160,016","+/- 10,653",906,+/- 815,"1,201","+/- 1,109","1,744",+/- 869,203,+/- 264,"8,406","+/- 3,555","2,776","+/- 1,462","1,999",+/- 792,"6,322","+/- 2,553","20,950","+/- 3,739","7,927","+/- 1,831","8,937","+/- 3,300",Maryland,"1,110","+/- 1,113",70,+/- 124,"3,948","+/- 1,685","1,971",+/- 998,21,+/- 35,Maryland,788,+/- 694,523,+/- 425,638,+/- 452,175,+/- 189,N/A,N/A,"2,299",+/- 992,"1,861",+/- 932,866,+/- 576,846,+/- 845,684,+/- 443,154,+/- 195,625,+/- 482,268,+/- 267,357,+/- 312,"5,513","+/- 1,500",911,"+/- 1,300","11,578","+/- 2,675","5,139","+/- 1,663",0,+/- 216,"2,251","+/- 1,960",134,+/- 217,522,+/- 485,"14,139","+/- 3,495",216,+/- 204,"2,290","+/- 1,048",203,+/- 168,"1,088",+/- 696,"6,974","+/- 2,259",829,+/- 789,49,+/- 80,"25,305","+/- 4,047","1,621","+/- 1,056","1,599",+/- 677,396,+/- 433,684,+/- 783,"32,891","+/- 4,509","1,000",+/- 634,193,+/- 207,"31,698","+/- 4,597"
Massachusetts,"6,916,314","+/- 4,173","6,043,959","+/- 21,629","663,154","+/- 18,384","158,311","+/- 7,554","1,056",+/- 935,161,+/- 201,791,+/- 398,0,+/- 218,"15,040","+/- 3,313","2,756",+/- 960,"12,795","+/- 2,101",210,+/- 246,"1,328",+/- 755,"10,894","+/- 2,391","1,625",+/- 674,Massachusetts,29,+/- 50,522,+/- 436,"3,962","+/- 1,589","1,199",+/- 779,715,+/- 603,Massachusetts,67,+/- 112,"1,275",+/- 638,799,+/- 493,"1,685",+/- 619,"4,156","+/- 1,207",N/A,N/A,"1,844",+/- 907,"1,836","+/- 1,080",42,+/- 74,631,+/- 460,684,+/- 608,169,+/- 172,"1,440",+/- 766,"11,387","+/- 2,726","8,539","+/- 1,836",498,+/- 382,"24,489","+/- 3,291","5,456","+/- 1,765",0,+/- 218,"3,128",+/- 950,610,+/- 603,"1,115",+/- 653,"7,052","+/- 1,875","6,511","+/- 2,057","1,455",+/- 631,0,+/- 218,"2,758","+/- 1,313","5,618","+/- 1,528",772,+/- 530,"2,901","+/- 1,017","3,508","+/- 1,093","2,753","+/- 1,108",0,+/- 218,"2,015","+/- 1,047",35,+/- 50,"50,890","+/- 5,007","1,791",+/- 954,176,+/- 192,"48,923","+/- 4,814"
Michigan,"9,950,336","+/- 4,442","8,827,083","+/- 27,764","950,370","+/- 25,147","143,042","+/- 9,088","2,032",+/- 757,711,+/- 378,"4,251","+/- 2,166",382,+/- 324,"11,944","+/- 2,146","4,890","+/- 1,996",832,+/- 593,"1,001","+/- 1,425",593,+/- 440,"13,202","+/- 2,370","5,340","+/- 2,480",Michigan,239,+/- 193,498,+/- 389,"12,453","+/- 2,100","11,998","+/- 2,536","1,011",+/- 352,Michigan,595,+/- 470,"1,441",+/- 807,745,+/- 627,22,+/- 46,"2,755","+/- 1,309","1,980",+/- 702,N/A,N/A,"3,258","+/- 1,802",253,+/- 225,"3,862","+/- 1,278",474,+/- 452,222,+/- 221,"1,095",+/- 683,0,+/- 181,"3,231","+/- 1,116",289,+/- 258,"6,385","+/- 2,054","3,711","+/- 1,277",382,+/- 323,"8,252","+/- 1,694","1,133",+/- 630,"1,308",+/- 558,"4,216","+/- 1,522",364,+/- 292,"2,117",+/- 789,43,+/- 70,"2,859","+/- 1,555","6,589","+/- 1,778","1,483",+/- 838,152,+/- 210,"3,169","+/- 1,248","2,192",+/- 738,464,+/- 297,"6,120","+/- 1,965",504,+/- 395,"29,841","+/- 3,227",811,+/- 521,32,+/- 38,"28,998","+/- 3,056"
Minnesota,"5,645,866","+/- 3,318","4,930,664","+/- 19,720","606,582","+/- 17,333","93,286","+/- 6,975",104,+/- 130,69,+/- 74,"3,152","+/- 1,090",359,+/- 308,"5,202","+/- 1,468","5,148","+/- 1,717",264,+/- 217,41,+/- 66,211,+/- 232,"2,712",+/- 865,928,+/- 555,Minnesota,94,+/- 96,495,+/- 396,"6,163","+/- 1,475","1,252",+/- 975,"5,523","+/- 1,324",Minnesota,"1,417","+/- 1,790",889,+/- 948,496,+/- 380,111,+/- 136,363,+/- 278,"1,308",+/- 723,"1,979",+/- 814,N/A,N/A,7,+/- 12,"3,191","+/- 1,317",822,+/- 620,"2,219","+/- 1,791",345,+/- 232,99,+/- 126,156,+/- 192,631,+/- 671,"2,047","+/- 1,028","1,278",+/- 737,"10,092","+/- 1,862","2,539","+/- 2,437","1,026",+/- 585,"1,385",+/- 726,901,+/- 582,67,+/- 97,"1,145","+/- 1,106","2,649",+/- 699,814,+/- 612,"4,889","+/- 1,463",471,+/- 320,56,+/- 93,"1,464","+/- 1,148","1,950",+/- 819,670,+/- 914,"13,688","+/- 1,725",405,+/- 325,"15,334","+/- 2,586",116,+/- 143,205,+/- 158,"15,013","+/- 2,584"
Mississippi,"2,919,574","+/- 3,069","2,608,484","+/- 17,207","241,171","+/- 15,519","59,759","+/- 6,266","3,795","+/- 1,419","1,068","+/- 1,569",676,+/- 487,"2,693","+/- 1,695","2,259","+/- 1,366","1,143",+/- 817,0,+/- 233,0,+/- 233,0,+/- 233,"2,512","+/- 1,278","2,978","+/- 1,437",Mississippi,545,+/- 661,0,+/- 233,"1,835",+/- 872,378,+/- 313,110,+/- 105,Mississippi,637,+/- 654,"1,234",+/- 942,"6,704","+/- 2,171",117,+/- 194,81,+/- 150,581,+/- 569,783,+/- 589,268,+/- 188,N/A,N/A,"1,750","+/- 1,004",38,+/- 80,329,+/- 255,341,+/- 419,0,+/- 233,239,+/- 251,173,+/- 220,"1,804","+/- 1,290",830,+/- 694,156,+/- 207,746,+/- 826,204,+/- 201,264,+/- 266,459,+/- 573,0,+/- 233,"1,302","+/- 1,016",0,+/- 233,"7,328","+/- 1,892","7,027","+/- 2,438",518,+/- 607,32,+/- 64,"3,114","+/- 2,577",822,+/- 552,0,+/- 233,85,+/- 131,"1,801","+/- 2,759","10,160","+/- 4,031",413,+/- 627,145,+/- 176,"9,602","+/- 3,959"
Missouri,"6,102,443","+/- 4,216","5,282,198","+/- 20,691","635,797","+/- 21,055","165,921","+/- 9,843","1,362",+/- 763,414,+/- 520,"4,226","+/- 2,047","7,506","+/- 2,023","13,726","+/- 2,851","5,441","+/- 1,597",151,+/- 165,0,+/- 198,553,+/- 382,"5,622","+/- 1,710","2,356","+/- 1,294",Missouri,313,+/- 328,566,+/- 479,"28,457","+/- 5,141","2,986","+/- 1,438","5,661","+/- 1,496",Missouri,"21,602","+/- 3,629","1,565",+/- 934,"1,450",+/- 776,64,+/- 109,436,+/- 297,"1,435",+/- 721,"1,126",+/- 644,933,+/- 620,"2,718",+/- 833,N/A,N/A,502,+/- 624,"2,652","+/- 1,144","1,684","+/- 1,134",188,+/- 210,"1,918",+/- 954,657,+/- 546,"3,608","+/- 1,748","4,066","+/- 2,222",756,+/- 674,"3,664","+/- 1,554","3,089","+/- 1,123","2,222","+/- 1,623","1,807",+/- 873,242,+/- 276,"1,645","+/- 1,152",402,+/- 285,"2,107","+/- 1,123","12,919","+/- 3,164","1,651","+/- 1,076",111,+/- 169,"3,594","+/- 1,428","3,489","+/- 1,945",60,+/- 105,"1,804",+/- 943,415,+/- 331,"18,527","+/- 3,709",526,+/- 600,563,+/- 583,"17,438","+/- 3,589"
Montana,"1,093,888","+/- 1,329","944,443","+/- 9,690","100,380","+/- 7,474","44,531","+/- 5,330",370,+/- 456,"1,101",+/- 726,"2,012",+/- 901,185,+/- 233,"6,034","+/- 2,042","4,389","+/- 1,364",609,+/- 494,0,+/- 184,0,+/- 184,"1,566","+/- 1,437",547,+/- 427,Montana,153,+/- 151,"2,836","+/- 1,385",466,+/- 418,167,+/- 145,20,+/- 40,Montana,78,+/- 134,0,+/- 184,568,+/- 681,96,+/- 102,40,+/- 66,243,+/- 258,419,+/- 348,"1,089",+/- 520,50,+/- 92,262,+/- 227,N/A,N/A,257,+/- 372,"2,481","+/- 1,708",0,+/- 184,0,+/- 184,144,+/- 156,325,+/- 337,530,+/- 691,472,+/- 387,236,+/- 287,76,+/- 126,"1,857",+/- 829,200,+/- 171,0,+/- 184,875,"+/- 1,074",308,+/- 272,27,+/- 39,"2,671","+/- 1,087",728,+/- 528,90,+/- 155,223,+/- 272,"6,758","+/- 2,531",0,+/- 184,"1,026",+/- 469,"1,947","+/- 1,227","4,534","+/- 2,602",0,+/- 184,0,+/- 184,"4,534","+/- 2,602"
Nebraska,"1,939,700","+/- 1,981","1,677,312","+/- 10,187","208,977","+/- 8,549","43,287","+/- 5,163",134,+/- 215,17,+/- 32,"1,009",+/- 731,7,+/- 12,"4,798","+/- 1,871","2,940",+/- 946,0,+/- 170,313,+/- 460,0,+/- 170,"1,806","+/- 1,117",254,+/- 261,Nebraska,248,+/- 186,0,+/- 170,"1,463",+/- 702,686,+/- 420,"6,235","+/- 1,979",Nebraska,"1,629",+/- 724,376,+/- 567,463,+/- 542,148,+/- 211,0,+/- 170,70,+/- 85,374,+/- 299,"2,695","+/- 1,289",83,+/- 104,"2,097",+/- 838,375,+/- 278,N/A,N/A,361,+/- 376,0,+/- 170,0,+/- 170,141,+/- 162,930,+/- 542,444,+/- 683,159,+/- 205,551,+/- 356,"1,336",+/- 960,442,+/- 269,99,+/- 140,0,+/- 170,161,+/- 128,"2,140",+/- 689,462,+/- 289,"2,619","+/- 1,375","1,047",+/- 830,0,+/- 170,836,+/- 783,715,+/- 638,0,+/- 170,873,+/- 624,"1,751",+/- 850,"10,124","+/- 2,264",629,+/- 641,0,+/- 170,"9,495","+/- 1,953"
Nevada,"3,111,722","+/- 3,366","2,661,617","+/- 23,083","305,571","+/- 18,198","132,648","+/- 11,663",492,+/- 431,960,+/- 652,"5,792","+/- 1,751",226,+/- 226,"62,437","+/- 8,539","4,875","+/- 2,204",141,+/- 198,720,+/- 707,49,+/- 80,"6,372","+/- 3,030","1,603",+/- 991,Nevada,"2,894","+/- 1,912","1,601",+/- 899,"2,577","+/- 1,302","1,058",+/- 689,"1,574","+/- 1,604",Nevada,354,+/- 432,218,+/- 206,244,+/- 243,0,+/- 221,494,+/- 564,580,+/- 537,"3,607","+/- 2,413","1,530",+/- 949,435,+/- 383,"2,251","+/- 1,150","1,178",+/- 769,108,+/- 130,N/A,N/A,41,+/- 68,787,+/- 424,"1,687","+/- 1,356","1,582",+/- 901,"1,328",+/- 880,85,+/- 140,924,+/- 693,263,+/- 185,"2,496","+/- 1,336","1,588","+/- 1,015",212,+/- 249,884,+/- 892,343,+/- 359,719,+/- 533,"4,317","+/- 1,279","3,461","+/- 2,175",0,+/- 221,"1,635",+/- 912,"4,071","+/- 1,837",0,+/- 221,795,+/- 753,"1,060",+/- 721,"11,886","+/- 3,080",0,+/- 221,702,+/- 858,"11,184","+/- 2,836"
New Hampshire,"1,377,638","+/- 1,710","1,223,839","+/- 9,920","97,263","+/- 8,285","53,245","+/- 5,800",370,+/- 380,127,+/- 199,13,+/- 22,0,+/- 198,"2,984","+/- 1,415",668,+/- 782,"1,726",+/- 826,38,+/- 65,357,+/- 339,"2,758","+/- 1,078",187,+/- 310,New Hampshire,37,+/- 62,0,+/- 198,542,+/- 585,158,+/- 224,96,+/- 153,New Hampshire,0,+/- 198,0,+/- 198,0,+/- 198,"2,198",+/- 847,450,+/- 409,"24,752","+/- 4,420",0,+/- 198,300,+/- 274,388,+/- 485,795,"+/- 1,135",198,+/- 279,0,+/- 198,553,+/- 562,N/A,N/A,538,+/- 349,185,+/- 291,"4,470","+/- 1,831",815,+/- 502,0,+/- 198,205,+/- 226,0,+/- 198,375,+/- 361,798,+/- 590,"1,314",+/- 992,119,+/- 206,0,+/- 198,831,+/- 711,"1,647","+/- 1,002",0,+/- 198,"1,322",+/- 590,837,+/- 583,81,+/- 144,0,+/- 198,13,+/- 27,0,+/- 198,"3,291","+/- 1,252",280,+/- 237,113,+/- 158,"2,898","+/- 1,218"
New Jersey,"9,174,117","+/- 4,777","8,199,595","+/- 28,594","723,937","+/- 24,913","195,828","+/- 12,159",246,+/- 251,0,+/- 222,456,+/- 352,0,+/- 222,"8,629","+/- 2,236","4,712",+/- 976,"2,061",+/- 829,"2,044",+/- 873,926,+/- 783,"7,930","+/- 2,260","1,472","+/- 1,034",New Jersey,350,+/- 324,283,+/- 388,"2,083","+/- 1,157","4,098",+/- 912,90,+/- 153,New Jersey,206,+/- 342,"1,860","+/- 1,287","1,495","+/- 1,283",654,+/- 507,"3,042","+/- 1,421","2,749","+/- 1,308","2,119","+/- 1,550",385,+/- 289,0,+/- 222,"1,601",+/- 868,0,+/- 222,207,+/- 236,165,+/- 237,540,+/- 401,N/A,N/A,717,+/- 702,"91,421","+/- 7,960","8,587","+/- 1,799",274,+/- 354,713,+/- 531,527,+/- 775,354,+/- 256,"29,573","+/- 4,172",736,+/- 633,"2,491","+/- 1,236",290,+/- 357,"1,083",+/- 939,"2,402","+/- 1,095",154,+/- 218,88,+/- 143,"2,854","+/- 1,619","1,498","+/- 1,131",636,+/- 682,988,+/- 701,39,+/- 63,"54,757","+/- 7,106","2,264","+/- 1,127",0,+/- 222,"52,493","+/- 6,958"
New Mexico,"2,092,251","+/- 2,945","1,828,971","+/- 15,156","188,495","+/- 12,055","68,019","+/- 7,525",484,+/- 387,254,+/- 313,"3,738","+/- 1,586",526,+/- 532,"9,947","+/- 2,578","8,806","+/- 4,111",131,+/- 220,0,+/- 224,344,+/- 330,"4,563","+/- 1,747",713,+/- 563,New Mexico,82,+/- 149,598,+/- 857,"1,229",+/- 933,"1,508","+/- 1,178",0,+/- 224,New Mexico,244,+/- 225,340,+/- 498,"1,042","+/- 1,498",0,+/- 224,731,+/- 462,643,+/- 466,912,+/- 724,906,+/- 569,244,+/- 205,454,+/- 294,153,+/- 175,309,+/- 259,"1,244",+/- 779,100,+/- 152,856,+/- 842,N/A,N/A,"2,249","+/- 1,589",338,+/- 373,390,+/- 523,850,+/- 565,161,+/- 140,"1,486","+/- 1,205",516,+/- 392,42,+/- 83,264,+/- 328,0,+/- 224,518,+/- 440,"10,712","+/- 2,671",198,+/- 215,0,+/- 224,"1,321",+/- 900,"6,064","+/- 3,886",492,+/- 437,433,+/- 505,884,+/- 620,"6,766","+/- 2,347",90,+/- 112,26,+/- 57,"6,650","+/- 2,347"
New York,"19,626,300","+/- 8,200","17,583,476","+/- 37,829","1,666,707","+/- 37,802","287,249","+/- 11,439","1,930",+/- 873,"1,036",+/- 760,"2,472",+/- 886,"1,935",+/- 973,"31,335","+/- 4,439","6,112","+/- 1,938","12,538","+/- 2,470","1,521",+/- 619,"3,010","+/- 1,133","24,444","+/- 3,558","7,342","+/- 1,859",New York,962,+/- 475,"1,007",+/- 895,"8,093","+/- 1,528","1,334",+/- 690,"1,552","+/- 1,001",New York,"2,595","+/- 1,120","2,365",+/- 633,"2,486","+/- 1,008","1,742",+/- 889,"7,749","+/- 1,842","21,608","+/- 2,711","3,351","+/- 1,697","2,538",+/- 964,151,+/- 163,"2,875","+/- 1,216",558,+/- 528,598,+/- 513,"1,926",+/- 773,"2,045",+/- 834,"38,222","+/- 4,295",805,+/- 929,N/A,N/A,"7,361","+/- 1,734",0,+/- 217,"4,962","+/- 2,037","2,134",+/- 981,"1,990",+/- 699,"21,804","+/- 3,315","2,118","+/- 1,184","4,591","+/- 2,561",292,+/- 243,"3,946","+/- 2,356","16,818","+/- 3,059","1,633",+/- 705,"1,366",+/- 577,"9,132","+/- 1,799","8,080","+/- 2,278",643,+/- 556,"2,142","+/- 1,044",0,+/- 217,"88,868","+/- 6,675","2,189","+/- 1,269",95,+/- 148,"86,584","+/- 6,576"
North Carolina,"10,446,881","+/- 5,346","9,034,306","+/- 35,163","1,032,016","+/- 31,433","336,681","+/- 16,849","3,276","+/- 1,207","1,730","+/- 1,033","5,929","+/- 2,668","3,063","+/- 1,667","22,507","+/- 4,137","6,549","+/- 2,572","4,741","+/- 1,731",762,+/- 341,653,+/- 474,"37,071","+/- 5,424","17,698","+/- 3,454",North Carolina,"1,591",+/- 977,"1,520","+/- 1,228","8,920","+/- 3,778","3,678","+/- 2,081","1,260",+/- 934,North Carolina,"1,105",+/- 772,"2,410","+/- 1,071","4,005","+/- 1,963","1,002","+/- 1,071","15,645","+/- 5,731","9,378","+/- 2,577","8,406","+/- 4,069","2,360","+/- 1,374",695,+/- 447,"2,263","+/- 1,049",233,+/- 308,44,+/- 75,"2,153","+/- 1,383",948,+/- 637,"14,884","+/- 3,121",631,+/- 471,"32,759","+/- 5,789",N/A,N/A,224,+/- 225,"11,355","+/- 2,603","1,502",+/- 928,"2,443","+/- 1,186","12,408","+/- 2,931",679,+/- 475,"23,541","+/- 3,545",299,+/- 236,"7,365","+/- 1,713","14,240","+/- 2,975","1,821","+/- 1,103","2,117","+/- 1,601","29,092","+/- 4,648","6,676","+/- 2,837",497,+/- 359,"2,443","+/- 1,310",110,+/- 169,"43,878","+/- 5,344",941,+/- 661,781,+/- 934,"42,156","+/- 5,050"
North Dakota,"764,638","+/- 1,475","641,023","+/- 8,415","83,572","+/- 7,158","37,844","+/- 5,480",377,+/- 356,445,+/- 642,"1,419","+/- 1,632",0,+/- 170,"1,525",+/- 819,922,+/- 683,47,+/- 59,0,+/- 170,0,+/- 170,"1,272","+/- 1,076",0,+/- 170,North Dakota,102,+/- 118,0,+/- 170,559,+/- 593,152,+/- 201,755,+/- 703,North Dakota,237,+/- 236,28,+/- 54,"1,405","+/- 1,056",66,+/- 113,36,+/- 77,246,+/- 283,675,+/- 551,"15,897","+/- 4,249",223,+/- 348,732,"+/- 1,038","1,020",+/- 484,"1,056",+/- 904,6,+/- 12,28,+/- 42,73,+/- 95,611,+/- 507,149,+/- 139,73,+/- 99,N/A,N/A,222,+/- 202,347,+/- 426,639,+/- 493,189,+/- 188,0,+/- 170,244,+/- 192,"1,423",+/- 879,5,+/- 10,"2,127",+/- 870,141,+/- 133,0,+/- 170,736,+/- 686,572,+/- 448,0,+/- 170,569,+/- 460,494,+/- 383,"2,199",+/- 969,373,+/- 423,0,+/- 170,"1,826",+/- 803
Ohio,"11,660,200","+/- 5,489","10,209,047","+/- 26,190","1,228,277","+/- 27,914","184,477","+/- 11,210","2,258","+/- 1,772",197,+/- 161,"2,770",+/- 988,"1,252",+/- 731,"12,849","+/- 2,918","2,726",+/- 905,"1,166",+/- 520,238,+/- 308,363,+/- 292,"14,785","+/- 3,099","3,769","+/- 1,264",Ohio,715,+/- 466,584,+/- 642,"11,845","+/- 2,601","8,028","+/- 1,667","1,995","+/- 1,531",Ohio,861,+/- 417,"12,704","+/- 3,247","1,579","+/- 1,075",66,+/- 108,"3,329","+/- 1,656","2,512","+/- 1,377","11,524","+/- 2,668","2,060",+/- 818,"1,048","+/- 1,275","2,773",+/- 986,100,+/- 117,0,+/- 204,"2,415","+/- 1,518","1,037",+/- 784,"3,192","+/- 1,483",620,+/- 450,"11,752","+/- 2,266","6,084","+/- 1,667",935,"+/- 1,245",N/A,N/A,"1,800","+/- 1,256","1,631","+/- 1,022","14,181","+/- 2,978",301,+/- 259,"1,894",+/- 768,603,+/- 749,"5,221","+/- 2,026","7,248","+/- 2,049","1,435",+/- 697,32,+/- 52,"6,125","+/- 1,452","3,987","+/- 1,600","7,629","+/- 2,187","2,243","+/- 1,013",16,+/- 34,"38,399","+/- 5,751",645,+/- 443,70,+/- 114,"37,684","+/- 5,691"
Oklahoma,"3,943,443","+/- 2,733","3,347,420","+/- 19,615","475,441","+/- 17,079","108,288","+/- 7,791",914,+/- 608,264,+/- 205,961,+/- 640,"7,390","+/- 2,029","12,613","+/- 2,962","5,189","+/- 1,907",19,+/- 33,85,+/- 103,670,+/- 869,"4,484","+/- 1,641","1,293",+/- 640,Oklahoma,"1,386","+/- 1,478",853,+/- 704,"3,251","+/- 1,477",674,+/- 399,"1,109","+/- 1,045",Oklahoma,"5,899","+/- 2,002",873,+/- 674,"1,915","+/- 1,241",0,+/- 172,914,"+/- 1,135",747,+/- 692,"1,336",+/- 921,"1,054",+/- 659,178,+/- 291,"3,106","+/- 1,058",539,+/- 331,592,+/- 390,"1,734",+/- 935,81,+/- 135,310,+/- 273,"1,262",+/- 933,"1,332",+/- 681,"1,256","+/- 1,057",485,+/- 609,672,+/- 401,N/A,N/A,"1,322",+/- 761,805,+/- 551,0,+/- 172,"1,009",+/- 820,0,+/- 172,"1,498",+/- 687,"27,223","+/- 4,028","1,043",+/- 592,38,+/- 64,"1,971",+/- 761,"5,754","+/- 3,199",71,+/- 94,"2,097","+/- 1,211",17,+/- 27,"12,294","+/- 2,508",705,+/- 766,46,+/- 77,"11,543","+/- 2,532"
Oregon,"4,207,387","+/- 3,683","3,600,937","+/- 18,211","458,434","+/- 18,455","133,935","+/- 9,142",487,+/- 458,318,+/- 284,"6,545","+/- 2,001",327,+/- 462,"51,623","+/- 5,913","3,850","+/- 1,396",249,+/- 203,94,+/- 154,351,+/- 361,"2,683","+/- 1,093","1,291",+/- 765,Oregon,"1,794",+/- 822,"6,445","+/- 2,393","1,551",+/- 854,801,+/- 549,235,+/- 208,Oregon,416,+/- 337,164,+/- 241,"1,234",+/- 965,223,+/- 251,288,+/- 344,802,+/- 555,"1,839",+/- 986,"1,335",+/- 795,781,+/- 833,739,+/- 565,"1,062",+/- 735,371,+/- 320,"1,602",+/- 669,425,+/- 407,159,+/- 260,"1,351",+/- 756,"4,407","+/- 1,848","1,079",+/- 874,184,+/- 206,"1,975","+/- 1,091",457,+/- 429,N/A,N/A,"1,381",+/- 871,0,+/- 214,591,+/- 542,178,+/- 307,781,+/- 597,"6,469","+/- 2,109","3,590","+/- 2,188",108,+/- 153,824,+/- 748,"18,648","+/- 2,312",0,+/- 214,808,+/- 660,"1,020",+/- 731,"14,081","+/- 2,915",33,+/- 55,582,+/- 456,"13,466","+/- 2,932"
Pennsylvania,"12,842,522","+/- 5,067","11,452,320","+/- 31,938","1,078,336","+/- 27,367","261,831","+/- 13,241",585,+/- 467,917,"+/- 1,040","2,626","+/- 1,390",737,+/- 541,"14,867","+/- 3,004","4,692","+/- 2,171","3,973","+/- 1,579","6,699","+/- 2,328","1,825",+/- 710,"15,020","+/- 2,960","3,622","+/- 2,262",Pennsylvania,"1,001",+/- 852,502,+/- 442,"6,000","+/- 1,858","2,614","+/- 1,418",904,+/- 510,Pennsylvania,"2,590","+/- 1,858","1,493",+/- 692,689,+/- 867,363,+/- 228,"22,793","+/- 3,146","5,682","+/- 1,820","2,737","+/- 1,037",890,+/- 494,373,+/- 317,"2,269","+/- 1,073",74,+/- 117,0,+/- 189,943,+/- 433,819,+/- 420,"41,402","+/- 5,462",591,+/- 445,"49,702","+/- 6,799","6,008","+/- 1,836",187,+/- 297,"10,774","+/- 2,243",796,+/- 444,"1,377",+/- 694,N/A,N/A,971,+/- 706,"2,347",+/- 836,122,+/- 138,"2,354",+/- 817,"9,271","+/- 2,546","2,876","+/- 1,896","1,112","+/- 1,188","11,637","+/- 2,562","6,888","+/- 2,254","2,650",+/- 908,"2,238","+/- 1,224",229,+/- 290,"50,035","+/- 7,559","6,249","+/- 2,423",232,+/- 220,"43,554","+/- 6,723"
Rhode Island,"1,085,539","+/- 1,975","959,140","+/- 9,449","77,691","+/- 8,236","43,266","+/- 4,692",0,+/- 232,241,+/- 393,247,+/- 283,0,+/- 232,"2,857","+/- 1,118",610,+/- 459,"2,753","+/- 1,066",5,+/- 11,76,+/- 140,"2,176","+/- 1,067",196,+/- 246,Rhode Island,0,+/- 232,0,+/- 232,949,+/- 508,677,+/- 888,248,+/- 330,Rhode Island,0,+/- 232,100,+/- 123,0,+/- 232,81,+/- 98,334,+/- 197,"12,826","+/- 2,856",407,+/- 306,160,+/- 270,0,+/- 232,29,+/- 54,79,+/- 128,0,+/- 232,282,+/- 407,"1,775","+/- 1,008",974,+/- 451,0,+/- 232,"7,321","+/- 1,920",474,+/- 457,575,+/- 749,281,+/- 298,298,+/- 480,171,+/- 164,"1,592",+/- 646,N/A,N/A,572,+/- 591,0,+/- 232,49,+/- 67,762,+/- 368,0,+/- 232,665,+/- 484,"1,935","+/- 1,399",311,+/- 317,160,+/- 197,18,+/- 42,0,+/- 232,"5,442","+/- 1,407",275,+/- 270,44,+/- 61,"5,123","+/- 1,366"
South Carolina,"5,142,137","+/- 4,196","4,444,195","+/- 25,549","484,535","+/- 19,587","196,200","+/- 11,924","1,472",+/- 625,222,+/- 315,"4,696","+/- 1,696",134,+/- 180,"11,884","+/- 3,404","3,873","+/- 1,763","2,836","+/- 1,191",71,+/- 72,798,+/- 667,"14,905","+/- 3,770","14,963","+/- 3,578",South Carolina,211,+/- 220,193,+/- 247,"4,040","+/- 1,454","1,667","+/- 1,343","1,253",+/- 953,South Carolina,341,+/- 368,"2,627","+/- 1,363","2,269","+/- 1,169",0,+/- 226,"7,231","+/- 2,549","3,619","+/- 1,566","1,830",+/- 941,"1,816","+/- 1,181",611,+/- 404,"1,736","+/- 1,171",90,+/- 120,963,+/- 711,904,+/- 704,440,+/- 573,"8,294","+/- 2,563","1,334","+/- 1,237","11,615","+/- 2,376","34,327","+/- 5,032",38,+/- 60,"7,865","+/- 2,846",913,+/- 650,"1,029",+/- 636,"10,492","+/- 2,424",155,+/- 178,N/A,N/A,76,+/- 145,"5,937","+/- 2,404","5,464","+/- 1,401",652,+/- 737,221,+/- 271,"12,978","+/- 4,457","3,147","+/- 1,669","1,606","+/- 1,581","2,362","+/- 1,569",0,+/- 226,"17,207","+/- 3,327",648,+/- 491,"1,321","+/- 1,275","15,238","+/- 3,087"
South Dakota,"884,616","+/- 1,584","759,943","+/- 7,867","95,407","+/- 7,171","27,528","+/- 3,650",30,+/- 52,0,+/- 170,529,+/- 459,0,+/- 170,"1,670",+/- 943,"1,977","+/- 1,114",0,+/- 170,0,+/- 170,0,+/- 170,659,+/- 526,0,+/- 170,South Dakota,0,+/- 170,0,+/- 170,487,+/- 549,471,+/- 452,"3,399","+/- 1,083",South Dakota,322,+/- 464,103,+/- 178,408,+/- 413,0,+/- 170,42,+/- 74,0,+/- 170,488,+/- 537,"4,390","+/- 1,411",0,+/- 170,354,+/- 305,290,+/- 289,"2,566","+/- 1,233",325,+/- 346,0,+/- 170,336,+/- 357,4,+/- 12,230,+/- 213,272,+/- 475,716,+/- 548,268,+/- 213,0,+/- 170,388,+/- 374,956,+/- 774,148,+/- 177,54,+/- 108,N/A,N/A,138,+/- 153,"2,229","+/- 1,259",166,+/- 164,0,+/- 170,682,+/- 561,820,+/- 679,0,+/- 170,216,+/- 326,"1,395","+/- 1,041","1,738",+/- 643,255,+/- 320,0,+/- 170,"1,483",+/- 590
Tennessee,"6,899,165","+/- 4,617","5,955,858","+/- 27,272","701,333","+/- 22,674","220,591","+/- 14,903","9,869","+/- 2,999",456,+/- 486,"3,625","+/- 2,324","3,161","+/- 1,364","22,901","+/- 4,651","5,383","+/- 2,270","1,462",+/- 802,249,+/- 283,281,+/- 262,"20,809","+/- 4,262","14,723","+/- 3,307",Tennessee,"2,939","+/- 1,812",119,+/- 144,"12,722","+/- 3,604","6,012","+/- 2,101",210,+/- 268,Tennessee,"1,661","+/- 1,094","7,612","+/- 2,220","4,785","+/- 2,591",763,+/- 799,"2,528",+/- 943,"2,782","+/- 1,125","3,550","+/- 1,261","1,634","+/- 1,129","6,132","+/- 2,564","3,595","+/- 1,147","1,061","+/- 1,324","1,201",+/- 778,"1,662","+/- 1,135",142,+/- 164,"2,353","+/- 1,100",38,+/- 64,"5,676","+/- 1,693","7,468","+/- 2,585",91,+/- 175,"8,220","+/- 2,143","2,263","+/- 2,428","1,973","+/- 1,593","4,222","+/- 1,927","1,195","+/- 1,743","3,621","+/- 1,645","1,397","+/- 1,764",N/A,N/A,"15,300","+/- 3,768",934,+/- 506,207,+/- 350,"9,806","+/- 2,122","5,955","+/- 2,485","2,244","+/- 1,130","3,049","+/- 1,486",550,+/- 588,"21,383","+/- 4,515",899,+/- 654,382,+/- 442,"20,102","+/- 4,599"
Texas,"29,170,380","+/- 12,760","25,086,829","+/- 71,104","3,315,313","+/- 62,222","591,395","+/- 26,127","9,389","+/- 3,488","2,587","+/- 1,787","17,609","+/- 3,581","13,613","+/- 3,625","107,546","+/- 9,974","30,262","+/- 6,185","2,506","+/- 1,197",756,+/- 559,"1,198",+/- 893,"31,023","+/- 5,855","16,781","+/- 4,227",Texas,"7,668","+/- 3,460","2,551","+/- 1,300","20,819","+/- 4,367","10,573","+/- 4,068","7,124","+/- 3,402",Texas,"11,039","+/- 4,112","4,865","+/- 2,337","28,130","+/- 6,664",786,+/- 721,"8,673","+/- 4,232","8,639","+/- 2,954","10,009","+/- 3,008","9,977","+/- 3,104","6,079","+/- 2,054","11,369","+/- 3,167","1,627","+/- 1,217","8,782","+/- 5,034","7,896","+/- 2,072","2,012","+/- 1,750","10,916","+/- 3,535","13,456","+/- 3,691","24,951","+/- 5,222","20,142","+/- 5,734",904,+/- 734,"11,942","+/- 2,703","16,116","+/- 3,464","5,287","+/- 1,602","9,920","+/- 3,044",14,+/- 21,"8,097","+/- 3,441","1,526","+/- 1,095","10,446","+/- 3,621",N/A,N/A,"6,136","+/- 2,107",178,+/- 212,"15,079","+/- 5,862","23,438","+/- 5,302",348,+/- 330,"6,187","+/- 1,914","4,424","+/- 2,403","176,843","+/- 15,137","4,180","+/- 1,912","1,618","+/- 1,339","171,045","+/- 15,106"
Utah,"3,295,561","+/- 3,308","2,817,208","+/- 17,954","359,628","+/- 15,733","101,051","+/- 8,401",436,+/- 482,320,+/- 330,"8,279","+/- 2,420",146,+/- 244,"23,219","+/- 4,550","3,712","+/- 1,080",171,+/- 180,498,+/- 584,175,+/- 155,"3,093","+/- 1,130","1,261",+/- 843,Utah,995,+/- 903,"7,411","+/- 1,830","1,438",+/- 793,798,+/- 579,10,+/- 19,Utah,664,+/- 534,282,+/- 279,506,+/- 327,37,+/- 66,932,+/- 635,550,+/- 431,"1,233","+/- 1,057","1,183",+/- 874,217,+/- 185,952,+/- 618,229,+/- 234,378,+/- 324,"3,748","+/- 1,316",0,+/- 206,559,+/- 507,"2,211","+/- 1,353","2,918","+/- 1,317","1,659","+/- 1,142",0,+/- 206,557,+/- 399,"2,041","+/- 1,171","2,758","+/- 1,563","1,159",+/- 747,865,+/- 974,725,+/- 461,271,+/- 370,"2,646","+/- 1,606","6,078","+/- 1,869",N/A,N/A,683,+/- 647,"2,775","+/- 1,176","6,294","+/- 1,890",0,+/- 206,"1,988","+/- 1,662","1,991","+/- 1,035","17,674","+/- 3,338",63,+/- 92,"1,325","+/- 1,371","16,286","+/- 2,959"
Vermont,"641,007",+/- 929,"564,684","+/- 5,468","42,454","+/- 4,180","31,809","+/- 3,854",94,+/- 166,0,+/- 165,101,+/- 158,0,+/- 165,"1,043",+/- 492,587,+/- 434,"1,221",+/- 579,41,+/- 93,195,+/- 247,"1,172",+/- 455,284,+/- 239,Vermont,266,+/- 281,0,+/- 165,108,+/- 121,136,+/- 165,292,+/- 287,Vermont,172,+/- 180,191,+/- 229,98,+/- 168,743,+/- 501,712,+/- 355,"6,890","+/- 1,940",650,+/- 687,48,+/- 83,0,+/- 165,113,+/- 187,70,+/- 122,0,+/- 165,143,+/- 239,"2,140",+/- 947,"2,182",+/- 997,106,+/- 203,"5,816","+/- 1,600",349,+/- 298,0,+/- 165,546,+/- 623,90,+/- 154,300,+/- 234,"1,242",+/- 711,687,+/- 395,209,+/- 209,22,+/- 44,336,+/- 429,576,+/- 414,229,+/- 259,N/A,N/A,0,+/- 165,"1,166","+/- 1,190",53,+/- 88,351,+/- 488,39,+/- 69,"2,060",+/- 719,45,+/- 78,0,+/- 165,"2,015",+/- 724
Virginia,"8,557,020","+/- 4,817","7,384,723","+/- 29,614","855,269","+/- 26,354","272,693","+/- 12,741","1,878",+/- 989,"1,532","+/- 1,086","5,698","+/- 2,326",742,+/- 658,"21,052","+/- 4,256","5,002","+/- 1,899","3,396","+/- 1,500","1,270",+/- 715,"13,211","+/- 2,272","20,603","+/- 4,165","10,750","+/- 2,604",Virginia,"2,193","+/- 1,446",607,+/- 498,"4,833","+/- 1,283","3,159","+/- 1,366",645,+/- 482,Virginia,711,+/- 460,"1,926",+/- 811,"2,372","+/- 1,500",247,+/- 236,"27,855","+/- 4,295","9,553","+/- 3,137","3,005","+/- 1,218","1,612",+/- 913,"1,051",+/- 724,"2,607","+/- 1,492",771,+/- 707,567,+/- 444,"2,193","+/- 1,347","1,164",+/- 757,"8,963","+/- 1,974",969,+/- 569,"13,416","+/- 3,165","27,640","+/- 4,420",442,+/- 481,"5,882","+/- 1,830","1,311",+/- 713,870,+/- 471,"14,436","+/- 3,495","1,604",+/- 952,"9,212","+/- 3,194",211,+/- 305,"6,574","+/- 1,860","13,305","+/- 3,066","1,261",+/- 927,483,+/- 433,N/A,N/A,"6,749","+/- 2,172","5,564","+/- 2,280","1,152",+/- 711,444,+/- 320,"44,335","+/- 6,304","2,912","+/- 1,593",279,+/- 273,"41,144","+/- 5,997"
Washington,"7,657,350","+/- 4,731","6,474,967","+/- 29,847","909,338","+/- 26,736","225,306","+/- 12,843","1,064",+/- 792,"2,242","+/- 1,128","10,300","+/- 2,823",782,+/- 889,"57,576","+/- 6,607","7,452","+/- 1,936","1,536",+/- 797,0,+/- 213,203,+/- 239,"9,637","+/- 3,415","4,838","+/- 1,765",Washington,"3,770","+/- 1,509","9,856","+/- 2,559","3,956","+/- 1,727",679,+/- 630,394,+/- 352,Washington,"2,923","+/- 1,814",823,+/- 551,994,+/- 720,489,+/- 332,"1,723",+/- 936,"4,402","+/- 1,729","2,139","+/- 1,119","2,252",+/- 953,"1,051","+/- 1,005","4,271","+/- 2,773","3,740","+/- 1,524",853,+/- 577,"4,324","+/- 1,985",905,+/- 815,"1,709",+/- 761,950,+/- 562,"5,682","+/- 1,767","2,499","+/- 1,321","1,285","+/- 1,174","4,138","+/- 1,578","2,410","+/- 1,377","27,282","+/- 4,027","4,958","+/- 1,808",374,+/- 248,"2,444","+/- 1,408",417,+/- 397,"1,820",+/- 956,"10,737","+/- 2,563","4,061","+/- 2,313",611,+/- 578,"4,452","+/- 1,778",N/A,N/A,299,+/- 241,"2,009","+/- 1,202","1,995","+/- 2,952","47,739","+/- 6,640","1,205","+/- 1,340","1,932",+/- 910,"44,602","+/- 6,132"
West Virginia,"1,767,792","+/- 1,989","1,584,041","+/- 12,269","137,757","+/- 9,831","43,801","+/- 6,531",506,+/- 630,0,+/- 216,"1,221","+/- 1,187",0,+/- 216,368,+/- 379,49,+/- 86,568,+/- 542,42,+/- 49,0,+/- 216,"3,835","+/- 1,397",558,+/- 422,West Virginia,0,+/- 216,0,+/- 216,0,+/- 216,468,+/- 334,0,+/- 216,West Virginia,0,+/- 216,491,+/- 317,493,+/- 601,217,+/- 312,"6,792","+/- 2,687",116,+/- 139,121,+/- 199,127,+/- 217,0,+/- 216,0,+/- 216,0,+/- 216,0,+/- 216,630,+/- 708,0,+/- 216,"1,601",+/- 749,0,+/- 216,596,+/- 450,"1,308",+/- 678,82,+/- 141,"4,448","+/- 1,349",86,+/- 150,0,+/- 216,"5,452","+/- 2,151",70,+/- 107,893,+/- 661,94,+/- 154,214,+/- 180,920,"+/- 1,078",647,"+/- 1,021",36,+/- 83,"10,202","+/- 2,696",279,+/- 381,N/A,N/A,271,+/- 463,0,+/- 216,"2,193","+/- 1,049",0,+/- 216,0,+/- 216,"2,193","+/- 1,049"
Wisconsin,"5,838,954","+/- 3,227","5,123,397","+/- 18,301","578,787","+/- 17,247","122,742","+/- 7,724",331,+/- 259,237,+/- 240,"2,859","+/- 1,296",595,+/- 653,"6,467","+/- 1,996","4,412","+/- 1,701",346,+/- 256,0,+/- 157,280,+/- 244,"5,123","+/- 1,725","1,797",+/- 845,Wisconsin,338,+/- 271,305,+/- 230,"29,975","+/- 4,294","1,447",+/- 913,"2,272",+/- 889,Wisconsin,538,+/- 352,703,+/- 601,537,+/- 545,129,+/- 169,"1,358",+/- 785,"1,235",+/- 767,"5,756","+/- 1,869","20,941","+/- 2,720",205,+/- 202,"2,631",+/- 947,191,+/- 210,933,+/- 815,432,+/- 301,519,+/- 505,942,+/- 612,350,+/- 286,"2,219",+/- 770,"3,296","+/- 1,574","1,087","+/- 1,333","2,637","+/- 1,586",572,+/- 462,824,+/- 571,"1,683","+/- 1,014",71,+/- 82,737,+/- 464,374,+/- 318,962,+/- 408,"6,893","+/- 1,723",618,+/- 464,79,+/- 129,"2,483","+/- 1,207","3,749","+/- 1,596",44,+/- 74,N/A,N/A,230,+/- 181,"14,028","+/- 2,331",533,+/- 440,66,+/- 110,"13,429","+/- 2,325"
Wyoming,"573,476","+/- 1,211","481,018","+/- 7,250","63,128","+/- 6,111","27,281","+/- 4,320",0,+/- 208,113,+/- 134,357,+/- 343,11,+/- 22,"2,605","+/- 1,132","6,022","+/- 2,387",6,+/- 15,0,+/- 208,114,+/- 205,"1,541","+/- 1,794",515,+/- 446,Wyoming,15,+/- 25,705,+/- 623,"1,275","+/- 1,619",32,+/- 43,16,+/- 31,Wyoming,610,+/- 558,138,+/- 201,148,+/- 198,98,+/- 167,34,+/- 47,54,+/- 60,121,+/- 198,236,+/- 296,36,+/- 54,348,+/- 262,810,+/- 503,593,+/- 320,"1,128",+/- 808,43,+/- 68,10,+/- 20,22,+/- 44,956,+/- 758,212,+/- 215,24,+/- 39,509,+/- 506,0,+/- 208,739,+/- 478,260,+/- 238,0,+/- 208,24,+/- 46,"1,124","+/- 1,057",15,+/- 31,610,+/- 413,"2,739","+/- 1,550",0,+/- 208,459,+/- 484,"1,581",+/- 757,0,+/- 208,273,+/- 208,N/A,N/A,"2,049","+/- 1,147",0,+/- 208,0,+/- 208,"2,049","+/- 1,147"
Puerto Rico,"3,248,011","+/- 2,728","3,040,178","+/- 12,763","177,594","+/- 12,122","27,380","+/- 3,989",47,+/- 84,0,+/- 254,0,+/- 254,0,+/- 254,305,+/- 373,0,+/- 254,551,+/- 622,220,+/- 370,103,+/- 177,"8,215","+/- 2,822",326,+/- 399,Puerto Rico,0,+/- 254,0,+/- 254,"1,688","+/- 1,088",0,+/- 254,36,+/- 61,Puerto Rico,0,+/- 254,0,+/- 254,167,+/- 276,375,+/- 377,0,+/- 254,768,+/- 739,0,+/- 254,0,+/- 254,0,+/- 254,118,+/- 194,0,+/- 254,0,+/- 254,78,+/- 128,0,+/- 254,"1,771","+/- 1,290",0,+/- 254,"2,047","+/- 1,238",511,+/- 794,0,+/- 254,241,+/- 396,0,+/- 254,0,+/- 254,"5,030","+/- 2,157",0,+/- 254,227,+/- 353,0,+/- 254,928,"+/- 1,388","1,310",+/- 978,0,+/- 254,0,+/- 254,"1,113","+/- 1,257",112,+/- 134,0,+/- 254,946,+/- 782,147,+/- 240,"2,859","+/- 1,312",N/A,N/A,0,+/- 254,"2,859","+/- 1,312"
